{
  "by_name": {
    "Thorn Lash": [
      {
        "type": "deal_damage",
        "amount": 6,
        "target": "enemy"
      },
      {
        "type": "if",
        "cond": {
          "target.status.seeded": {
            ">=": 1
          }
        },
        "effects": [
          {
            "type": "deal_damage",
            "amount": 2,
            "target": "enemy"
          }
        ]
      }
    ],
    "Blossom Strike": [
      {
        "type": "deal_damage",
        "amount": 5,
        "target": "enemy"
      },
      {
        "type": "plant_seed",
        "amount": 1
      }
    ],
    "Vine Whip": [
      {
        "type": "deal_damage",
        "amount": 8,
        "target": "enemy"
      }
    ],
    "Bud Burst": [
      {
        "type": "deal_damage",
        "amount": 10,
        "target": "enemy"
      },
      {
        "type": "draw_cards",
        "amount": 1
      }
    ],
    "Petal Spray": [
      {
        "type": "deal_damage",
        "amount": 3,
        "target": "enemy"
      },
      {
        "type": "aoe_damage",
        "amount": 3
      }
    ],
    "Root Smash": [
      {
        "type": "deal_damage",
        "amount": 8,
        "target": "enemy"
      },
      {
        "type": "apply_status",
        "status": "weak",
        "amount": 2,
        "target": "enemy"
      }
    ],
    "Sap Shot": [
      {
        "type": "deal_damage",
        "amount": 4,
        "target": "enemy"
      },
      {
        "type": "heal",
        "amount": 2,
        "target": "player"
      }
    ],
    "Thorned Blade": [
      {
        "type": "deal_damage",
        "amount": 5,
        "target": "enemy"
      }
    ],
    "Gilded Bud": [
      {
        "type": "deal_damage",
        "amount": 7,
        "target": "enemy"
      }
    ],
    "Blooming Edge": [
      {
        "type": "deal_damage",
        "amount": 6,
        "target": "enemy"
      },
      {
        "type": "apply_status",
        "status": "vulnerable",
        "amount": 1,
        "target": "enemy"
      }
    ],
    "Petal Pierce": [
      {
        "type": "deal_damage",
        "amount": 4,
        "target": "enemy"
      },
      {
        "type": "plant_seed",
        "amount": 1
      }
    ],
    "Seeded Slash": [
      {
        "type": "deal_damage",
        "amount": 5,
        "target": "enemy"
      },
      {
        "type": "plant_seed",
        "amount": 1,
        "target": "enemy"
      }
    ],
    "Thorn Barrage": [
      {
        "type": "deal_damage",
        "amount": 12,
        "target": "enemy"
      },
      {
        "type": "repeat",
        "times": 3,
        "effects": [
          {
            "type": "deal_damage",
            "amount": 4,
            "target": "enemy"
          }
        ]
      }
    ],
    "Sappy Lunge": [
      {
        "type": "deal_damage",
        "amount": 5,
        "target": "enemy"
      },
      {
        "type": "plant_seed",
        "amount": 2
      }
    ],
    "Vine Cleaver": [
      {
        "type": "deal_damage",
        "amount": 9,
        "target": "enemy"
      },
      {
        "type": "aoe_damage",
        "amount": 9
      }
    ],
    "Seed Shield": [
      {
        "type": "gain_block",
        "amount": 6,
        "target": "player"
      },
      {
        "type": "plant_seed",
        "amount": 1,
        "target": "enemy"
      }
    ],
    "Vine Trap": [],
    "Sprout Heal": [
      {
        "type": "draw_cards",
        "amount": 1
      },
      {
        "type": "heal",
        "amount": 5,
        "target": "player"
      }
    ],
    "Fertile Soil": [],
    "Rooting Pulse": [
      {
        "type": "apply_status",
        "status": "vulnerable",
        "amount": 2,
        "target": "enemy"
      }
    ],
    "Seedlings": [
      {
        "type": "plant_seed",
        "amount": 2
      }
    ],
    "Thorn Wall": [
      {
        "type": "gain_block",
        "amount": 10,
        "target": "player"
      }
    ],
    "Petal Veil": [
      {
        "type": "gain_block",
        "amount": 8,
        "target": "player"
      }
    ],
    "Sap Shield": [
      {
        "type": "gain_block",
        "amount": 4,
        "target": "player"
      }
    ],
    "Bud Barrier": [
      {
        "type": "gain_block",
        "amount": 5,
        "target": "player"
      }
    ],
    "Sprout Sentry": [
      {
        "type": "heal",
        "amount": 2,
        "target": "player"
      }
    ],
    "Petal Step": [],
    "Growth Glyph": [],
    "Mossy Guard": [
      {
        "type": "gain_block",
        "amount": 3,
        "target": "player"
      }
    ],
    "Petal Parade": [],
    "Growth Ritual": [
      {
        "type": "if",
        "cond": {
          "history.rituals_played": {
            ">=": 1
          }
        },
        "then": [
          {
            "type": "gain_energy",
            "amount": 1,
            "next_turn": true
          }
        ]
      }
    ],
    "Garden Bloom": [
      {
        "type": "draw_cards",
        "amount": 1
      },
      {
        "type": "plant_seed",
        "amount": 1
      }
    ],
    "Growth Aura": [],
    "Seed Surge": [],
    "Thorned Roots": [],
    "Verdant Warding": [
      {
        "type": "heal",
        "amount": 5,
        "target": "player"
      }
    ],
    "Blooming Ward": [
      {
        "type": "apply_status",
        "status": "poison",
        "amount": 1,
        "target": "enemy"
      }
    ],
    "Sprouting Might": [
      {
        "type": "apply_status",
        "status": "sprouting_might",
        "amount": 1,
        "target": "player"
      }
    ],
    "Fungal Fortress": [
      {
        "type": "apply_status",
        "status": "fungal_fortress",
        "amount": 1,
        "target": "player"
      }
    ],
    "Rooted Resolve": [],
    "Nature's Boon": [
      {
        "type": "apply_status",
        "status": "growth_rune",
        "amount": 2,
        "target": "player"
      }
    ],
    "Gilded Bud": [
      {
        "type": "apply_status",
        "status": "growth_rune",
        "amount": 1,
        "target": "player"
      }
    ],
    "Verdant Bond": [
      {
        "type": "draw_cards",
        "amount": 1
      }
    ],
    "Seed of Renewal": [],
    "Overgrowth": [],
    "Eternal Blossom": [],
    "Pestilent Strike": [
      {
        "type": "deal_damage",
        "amount": 6,
        "target": "enemy"
      },
      {
        "type": "apply_status",
        "status": "poison",
        "amount": 1,
        "target": "enemy"
      }
    ],
    "Rotting Slash": [
      {
        "type": "deal_damage",
        "amount": 4,
        "target": "enemy"
      }
    ],
    "Contagion Strike": [
      {
        "type": "deal_damage",
        "amount": 8,
        "target": "enemy"
      }
    ],
    "Sear Decay": [
      {
        "type": "deal_damage",
        "amount": 10,
        "target": "enemy"
      }
    ],
    "Plague Burst": [
      {
        "type": "deal_damage",
        "amount": 12,
        "target": "enemy"
      },
      {
        "type": "apply_status",
        "status": "poison",
        "amount": 2,
        "target": "enemy"
      }
    ],
    "Blight Jab": [
      {
        "type": "deal_damage",
        "amount": 5,
        "target": "enemy"
      },
      {
        "type": "apply_status",
        "status": "decay_rune",
        "amount": 1,
        "target": "player"
      }
    ],
    "Corrosive Edge": [
      {
        "type": "deal_damage",
        "amount": 7,
        "target": "enemy"
      }
    ],
    "Fungus Flail": [
      {
        "type": "deal_damage",
        "amount": 6,
        "target": "enemy"
      },
      {
        "type": "heal",
        "amount": 3,
        "target": "player"
      }
    ],
    "Carrion Whip": [
      {
        "type": "deal_damage",
        "amount": 4,
        "target": "enemy"
      }
    ],
    "Noxious Rip": [
      {
        "type": "deal_damage",
        "amount": 9,
        "target": "enemy"
      },
      {
        "type": "apply_status",
        "status": "weak",
        "amount": 1,
        "target": "enemy"
      }
    ],
    "Virulent Fangs": [
      {
        "type": "deal_damage",
        "amount": 6,
        "target": "enemy"
      }
    ],
    "Death\u2019s Kiss": [
      {
        "type": "deal_damage",
        "amount": 5,
        "target": "enemy"
      }
    ],
    "Putrid Cleave": [
      {
        "type": "deal_damage",
        "amount": 8,
        "target": "enemy"
      },
      {
        "type": "apply_status",
        "status": "poison",
        "amount": 1,
        "target": "enemy"
      }
    ],
    "Pestilence Storm": [
      {
        "type": "deal_damage",
        "amount": 4,
        "target": "enemy"
      }
    ],
    "Blighted Bolt": [
      {
        "type": "deal_damage",
        "amount": 3,
        "target": "enemy"
      },
      {
        "type": "apply_status",
        "status": "poison",
        "amount": 1,
        "target": "enemy"
      }
    ],
    "Rotten Shield": [
      {
        "type": "gain_block",
        "amount": 7,
        "target": "player"
      },
      {
        "type": "apply_status",
        "status": "poison",
        "amount": 1,
        "target": "enemy"
      }
    ],
    "Carrion Cage": [],
    "Putrid Renew": [
      {
        "type": "heal",
        "amount": 4,
        "target": "player"
      }
    ],
    "Festering Aura": [
      {
        "type": "apply_status",
        "status": "poison",
        "amount": 2,
        "target": "enemy"
      }
    ],
    "Decay Bubble": [
      {
        "type": "gain_block",
        "amount": 5,
        "target": "player"
      },
      {
        "type": "if",
        "cond": {
          "type": "player_status",
          "status": "poison",
          "operator": ">",
          "value": 3
        },
        "then": [
          {
            "type": "apply_status",
            "status": "decay_rune",
            "amount": 1,
            "target": "player"
          }
        ]
      }
    ],
    "Toxic Infusion": [
      {
        "type": "apply_status",
        "status": "poison",
        "amount": 3,
        "target": "enemy"
      }
    ],
    "Blight Barrier": [
      {
        "type": "gain_block",
        "amount": 12,
        "target": "player"
      }
    ],
    "Infectious Veil": [
      {
        "type": "gain_block",
        "amount": 8,
        "target": "player"
      }
    ],
    "Sanguine Shield": [
      {
        "type": "gain_block",
        "amount": 4,
        "target": "player"
      }
    ],
    "Death Sentries": [],
    "Rancid Step": [],
    "Decay Glyph": [],
    "Putrid Ward": [
      {
        "type": "gain_block",
        "amount": 3,
        "target": "player"
      },
      {
        "type": "apply_status",
        "status": "weak",
        "amount": 1,
        "target": "enemy"
      }
    ],
    "Bone Graft": [
      {
        "type": "gain_block",
        "amount": 6,
        "target": "player"
      }
    ],
    "Carcass Trap": [],
    "Corruption Ritual": [],
    "Rotting Ritual": [
      {
        "type": "apply_status",
        "status": "poison",
        "amount": 1,
        "target": "enemy"
      }
    ],
    "Malignant Flow": [],
    "Necrotic Infusion": [
      {
        "type": "apply_status",
        "status": "decay_rune",
        "amount": 1,
        "target": "player",
        "TargetLintErrorIds": [
          "e5422825-ea3d-44ae-8492-d66c632a4d6d",
          "9bb874ab-bc85-49b5-81b3-d14535ed1c59",
          "655b4455-716e-4c65-a0af-5817479648d8"
        ]
      }
    ],
    "Decay Communion": [
      {
        "type": "draw_cards",
        "amount": 1
      },
      {
        "type": "apply_status",
        "status": "poison",
        "amount": 1,
        "target": "enemy"
      }
    ],
    "Toxic Transfusion": [],
    "Decay Surge": [],
    "Festering Roots": [
      {
        "type": "apply_status",
        "status": "poison",
        "amount": 1,
        "target": "enemy"
      }
    ],
    "Blight Shield": [],
    "Poisonous Aura": [],
    "Death\u2019s Embrace": [],
    "Pestilent Bond": [
      {
        "type": "draw_cards",
        "amount": 1
      }
    ],
    "Blighted Path": [],
    "Ichor of Life": [
      {
        "type": "heal",
        "amount": 5,
        "target": "player"
      }
    ],
    "Eternal Decay": [],
    "Flame Lash": [
      {
        "type": "deal_damage",
        "amount": 6,
        "target": "enemy"
      },
      {
        "type": "apply_status",
        "status": "burn",
        "amount": 1,
        "target": "enemy"
      }
    ],
    "Spark Jab": [
      {
        "type": "deal_damage",
        "amount": 4,
        "target": "enemy"
      }
    ],
    "Electro Surge": [
      {
        "type": "deal_damage",
        "amount": 8,
        "target": "enemy"
      }
    ],
    "Gale Slash": [
      {
        "type": "deal_damage",
        "amount": 10,
        "target": "enemy"
      },
      {
        "type": "draw_cards",
        "amount": 1
      }
    ],
    "Thunder Clap": [
      {
        "type": "deal_damage",
        "amount": 12,
        "target": "enemy"
      }
    ],
    "Ice Shard": [
      {
        "type": "deal_damage",
        "amount": 5,
        "target": "enemy"
      },
      {
        "type": "apply_status",
        "status": "chill",
        "amount": 1,
        "target": "enemy"
      }
    ],
    "Shockwave": [
      {
        "type": "deal_damage",
        "amount": 7,
        "target": "enemy"
      }
    ],
    "Lava Burst": [
      {
        "type": "deal_damage",
        "amount": 6,
        "target": "enemy"
      },
      {
        "type": "apply_status",
        "status": "burn",
        "amount": 2,
        "target": "enemy"
      }
    ],
    "Storm Fang": [
      {
        "type": "deal_damage",
        "amount": 4,
        "target": "enemy"
      }
    ],
    "Frost Bite": [
      {
        "type": "deal_damage",
        "amount": 9,
        "target": "enemy"
      },
      {
        "type": "apply_status",
        "status": "chill",
        "amount": 2,
        "target": "enemy"
      }
    ],
    "Arc Bolt": [
      {
        "type": "deal_damage",
        "amount": 6,
        "target": "enemy"
      }
    ],
    "Ember Shot": [
      {
        "type": "deal_damage",
        "amount": 5,
        "target": "enemy"
      }
    ],
    "Wind Cleave": [
      {
        "type": "deal_damage",
        "amount": 8,
        "target": "enemy"
      }
    ],
    "Volt Barrage": [
      {
        "type": "deal_damage",
        "amount": 4,
        "target": "enemy"
      }
    ],
    "Glacial Edge": [
      {
        "type": "deal_damage",
        "amount": 4,
        "target": "enemy"
      },
      {
        "type": "apply_status",
        "status": "chill",
        "amount": 1,
        "target": "enemy"
      }
    ],
    "Static Shield": [
      {
        "type": "gain_block",
        "amount": 7,
        "target": "player"
      }
    ],
    "Flame Guard": [
      {
        "type": "gain_block",
        "amount": 10,
        "target": "player"
      },
      {
        "type": "apply_status",
        "status": "burn",
        "amount": 1,
        "target": "enemy"
      }
    ],
    "Gust Barrier": [
      {
        "type": "gain_block",
        "amount": 5,
        "target": "player"
      }
    ],
    "Frost Wall": [
      {
        "type": "gain_block",
        "amount": 8,
        "target": "player"
      },
      {
        "type": "apply_status",
        "status": "chill",
        "amount": 2,
        "target": "enemy"
      }
    ],
    "Thunder Ward": [
      {
        "type": "gain_block",
        "amount": 6,
        "target": "player"
      }
    ],
    "Magma Mantle": [
      {
        "type": "gain_block",
        "amount": 12,
        "target": "player"
      },
      {
        "type": "apply_status",
        "status": "burn",
        "amount": 1,
        "target": "enemy"
      }
    ],
    "Zephyr Veil": [
      {
        "type": "gain_block",
        "amount": 4,
        "target": "player"
      }
    ],
    "Icy Embrace": [
      {
        "type": "gain_block",
        "amount": 8,
        "target": "player"
      }
    ],
    "Scorching Aura": [
      {
        "type": "gain_block",
        "amount": 5,
        "target": "player"
      },
      {
        "type": "apply_status",
        "status": "burn",
        "amount": 1,
        "target": "enemy"
      }
    ],
    "Storm Sentinel": [],
    "Frost Step": [],
    "Electro Glyph": [],
    "Molten Ward": [
      {
        "type": "gain_block",
        "amount": 3,
        "target": "player"
      }
    ],
    "Elemental Ward": [
      {
        "type": "gain_block",
        "amount": 10,
        "target": "player"
      }
    ],
    "Avalanche": [
      {
        "type": "gain_block",
        "amount": 6,
        "target": "player"
      },
      {
        "type": "apply_status",
        "status": "chill",
        "amount": 1,
        "target": "enemy"
      }
    ],
    "Elemental Ritual": [],
    "Burning Ritual": [
      {
        "type": "apply_status",
        "status": "burn",
        "amount": 1,
        "target": "enemy"
      }
    ],
    "Storm Ritual": [],
    "Glacial Surge": [
      {
        "type": "apply_status",
        "status": "chill",
        "amount": 1,
        "target": "enemy"
      }
    ],
    "Lava Flow": [
      {
        "type": "apply_status",
        "status": "burn",
        "amount": 1,
        "target": "enemy"
      }
    ],
    "Zephyr Shield": [],
    "Frost Armor": [],
    "Chain Lightning": [],
    "Ember Bond": [
      {
        "type": "draw_cards",
        "amount": 1
      }
    ],
    "Frozen Path": [],
    "Storm\u2019s Embrace": [],
    "Eternal Elemental": [],
    "Rune of Fury": [],
    "Rune of Defense": [],
    "Rune of Elements": [],
    "Quick Jab": [
      {
        "type": "deal_damage",
        "amount": 3
      }
    ],
    "Deflect": [
      {
        "type": "gain_block",
        "amount": 3
      }
    ],
    "Cantrip": [
      {
        "type": "draw_cards",
        "amount": 1
      }
    ],
    "Feint": [
      {
        "type": "apply_status",
        "status": "sap",
        "amount": 1
      }
    ],
    "Expose": [
      {
        "type": "apply_status",
        "status": "fragile",
        "amount": 1
      }
    ]
  }
}