{
  "growth": {
    "id": "growth",
    "name": "Elandra",
    "hp": 80,
    "starting_deck": [
      "strike",
      "strike",
      "strike",
      "defend",
      "defend",
      "thorn_lash",
      "zap"
    ]
  },
  "decay": {
    "id": "decay",
    "name": "Morvax",
    "hp": 75,
    "starting_deck": [
      "strike",
      "strike",
      "defend",
      "defend",
      "rot_touch",
      "zap"
    ]
  },
  "elemental": {
    "id": "elemental",
    "name": "Siro",
    "hp": 78,
    "starting_deck": [
      "strike",
      "strike",
      "defend",
      "defend",
      "zap",
      "zap"
    ]
  }
}