[
    {
        "id": "healing_seed",
        "name": "Healing Seed",
        "description": "Heal 3 HP at the end of each combat.",
        "rarity": "common",
        "effects": {
            "end_combat_heal": 3
        }
    },
    {
        "id": "thorny_bark",
        "name": "Thorny Bark",
        "description": "Start each combat with 5 Block and 2 Thorns.",
        "rarity": "common",
        "effects": {
            "start_combat_block": 5,
            "start_combat_thorns": 2
        }
    },
    {
        "id": "vitality_gem",
        "name": "Vitality Gem",
        "description": "Max HP is increased by 10.",
        "rarity": "rare",
        "effects": {
            "on_obtain_max_hp": 10
        }
    },
    {
        "id": "solar_petal",
        "name": "Solar Petal",
        "description": "Gain +1 Energy at the start of your turn.",
        "rarity": "boss",
        "effects": {
            "start_turn_energy": 1
        }
    }
]