[
  {
    "rank": 1,
    "name": "Glyphbound Scribe",
    "hp": 120,
    "charge_threshold": 3,
    "moves": [
      {
        "name": "Quill Jab",
        "type": "attack",
        "damage": 8
      },
      {
        "name": "Runic Strike",
        "type": "attack",
        "damage": 10
      },
      {
        "name": "Scribe\u2019s Quill",
        "type": "attack",
        "damage": 5,
        "effect": "Add random Skill; +1 Charge"
      },
      {
        "name": "Arcane Script",
        "type": "skill",
        "effect": "Draw 2; \u20131 Charge"
      }
    ],
    "signature_move": {
      "name": "Runic Cascade",
      "effect": "Play all Skills in hand (no cost), reset Charge"
    }
  },
  {
    "rank": 2,
    "name": "Mindforger",
    "hp": 140,
    "charge_threshold": 4,
    "moves": [
      {
        "name": "Psychic Swipe",
        "type": "attack",
        "damage": 9
      },
      {
        "name": "Fragile Mind",
        "type": "attack",
        "damage": 12,
        "effect": "Apply 1 Weak"
      },
      {
        "name": "Psychic Lash",
        "type": "attack",
        "damage": 6,
        "effect": "Draw 1 if Skill played last turn"
      },
      {
        "name": "Confuse",
        "type": "skill",
        "effect": "Add 2 Wound; +1 Charge"
      }
    ],
    "signature_move": {
      "name": "Brain Rupture",
      "effect": "Discard hand; deal 5\u00d7 discarded cards in damage"
    }
  },
  {
    "rank": 3,
    "name": "Frostbreaker",
    "hp": 160,
    "charge_threshold": 3,
    "moves": [
      {
        "name": "Chill Strike",
        "type": "attack",
        "damage": 7,
        "effect": "Apply 1 Chill"
      },
      {
        "name": "Glacier Punch",
        "type": "attack",
        "damage": 9
      },
      {
        "name": "Chill Touch",
        "type": "attack",
        "damage": 6,
        "effect": "Apply 2 Chill; +1 Charge"
      },
      {
        "name": "Ice Shield",
        "type": "skill",
        "effect": "Gain 10 Block; apply 1 Chill to self"
      }
    ],
    "signature_move": {
      "name": "Glacial Storm",
      "effect": "Apply 5 Chill to player; freeze next turn; gain 3 Charge"
    }
  },
  {
    "rank": 4,
    "name": "Ember Weaver",
    "hp": 180,
    "charge_threshold": 3,
    "moves": [
      {
        "name": "Flame Lash",
        "type": "attack",
        "damage": 8
      },
      {
        "name": "Blazing Claw",
        "type": "attack",
        "damage": 12
      },
      {
        "name": "Spark Shot",
        "type": "attack",
        "damage": 7,
        "effect": "+1 Charge"
      },
      {
        "name": "Flame Coil",
        "type": "skill",
        "effect": "Apply 2 Burn; gain 6 Block"
      }
    ],
    "signature_move": {
      "name": "Inferno Web",
      "effect": "Apply 3 Burn to all cards in hand"
    }
  },
  {
    "id": "venom_prince",
    "name": "Venom Prince",
    "hp": 200,
    "charge_threshold": 3,
    "moves": [
      {
        "name": "Toxic Bite",
        "type": "attack",
        "damage": 6,
        "effects": [
          "apply 2 Poison"
        ]
      },
      {
        "name": "Venomous Claw",
        "type": "attack",
        "damage": 8,
        "effects": [
          "apply 1 Poison"
        ]
      },
      {
        "name": "Toxic Spit",
        "type": "attack",
        "damage": 5,
        "effects": [
          "apply 3 Poison",
          "+1 Charge"
        ]
      },
      {
        "name": "Acidic Veil",
        "type": "skill",
        "block": 8,
        "effects": [
          "apply 1 Poison to self"
        ]
      }
    ],
    "signature": {
      "name": "Venom Cascade",
      "effects": [
        "Apply Poison equal to current Charge",
        "Remove all Poison from self"
      ]
    }
  },
  {
    "id": "storm_caller",
    "name": "Storm Caller",
    "hp": 220,
    "charge_threshold": 4,
    "moves": [
      {
        "name": "Spark Strike",
        "type": "attack",
        "damage": 11
      },
      {
        "name": "Electrify",
        "type": "attack",
        "damage": 7,
        "effects": [
          "apply 1 Weak"
        ]
      },
      {
        "name": "Lightning Bolt",
        "type": "attack",
        "damage": 9,
        "effects": [
          "+1 Charge"
        ]
      },
      {
        "name": "Static Field",
        "type": "attack",
        "damage": 4,
        "target": "both",
        "effects": [
          "gain 2 Charge"
        ]
      }
    ],
    "signature": {
      "name": "Thunderclap",
      "effects": [
        "Deal 15 damage",
        "Apply Vulnerable equal to current Charge"
      ]
    }
  },
  {
    "id": "iron_sentinel",
    "name": "Iron Sentinel",
    "hp": 240,
    "charge_threshold": 4,
    "moves": [
      {
        "name": "Iron Fist",
        "type": "attack",
        "damage": 12
      },
      {
        "name": "Siege Strike",
        "type": "attack",
        "damage": 15
      },
      {
        "name": "Shield Bash",
        "type": "skill",
        "block": 8,
        "effects": [
          "+1 Charge"
        ]
      },
      {
        "name": "Guard Stance",
        "type": "skill",
        "block": 12
      }
    ],
    "signature": {
      "name": "Rampart Smash",
      "effects": [
        "Consume all Block to deal 3\u00d7 that Block as damage"
      ]
    }
  },
  {
    "id": "stone_warden",
    "name": "Stone Warden",
    "hp": 260,
    "charge_threshold": 4,
    "moves": [
      {
        "name": "Stone Throw",
        "type": "attack",
        "damage": 14
      },
      {
        "name": "Crushing Grip",
        "type": "attack",
        "damage": 12
      },
      {
        "name": "Boulder Crush",
        "type": "attack",
        "damage": 10,
        "effects": [
          "+1 Charge"
        ]
      },
      {
        "name": "Earthen Aegis",
        "type": "skill",
        "block": 15,
        "effects": [
          "\u20132 Charge (if any)"
        ]
      }
    ],
    "signature": {
      "name": "Earthshatter",
      "effects": [
        "Lose all Block",
        "Deal 25 damage",
        "Stun (skip next turn)"
      ]
    }
  },
  {
    "id": "chrono_guardian",
    "name": "Chrono Guardian",
    "hp": 280,
    "charge_threshold": 5,
    "moves": [
      {
        "name": "Temporal Slash",
        "type": "attack",
        "damage": 10
      },
      {
        "name": "Time Bolt",
        "type": "attack",
        "damage": 12,
        "effects": [
          "apply 1 Vulnerable"
        ]
      },
      {
        "name": "Time Snap",
        "type": "skill",
        "block": 4,
        "effects": [
          "rewind 1 Charge"
        ]
      },
      {
        "name": "Temporal Strike",
        "type": "attack",
        "damage": 8,
        "effects": [
          "+1 Charge"
        ]
      }
    ],
    "signature": {
      "name": "Fractured Timeline",
      "effects": [
        "Reset both Charge and player Energy to 0",
        "Then gain 3 Charge"
      ]
    }
  },
  {
    "id": "soul_reaper",
    "name": "Soul Reaper",
    "hp": 300,
    "charge_threshold": 5,
    "moves": [
      {
        "name": "Soul Drain",
        "type": "attack",
        "damage": 8,
        "effects": [
          "heal 3"
        ]
      },
      {
        "name": "Shattering Blow",
        "type": "attack",
        "damage": 14
      },
      {
        "name": "Life Siphon",
        "type": "attack",
        "damage": 4,
        "effects": [
          "heal 4",
          "+1 Charge"
        ]
      },
      {
        "name": "Ethereal Guard",
        "type": "skill",
        "block": 8,
        "effects": [
          "become Intangible for 1 turn"
        ]
      }
    ],
    "signature": {
      "name": "Soul Reaper",
      "effects": [
        "Empowered soul attack, Charge resets"
      ]
    }
  }
]