{
  "neutral": [
    {
      "id": "filler_quick_jab",
      "name": "Quick Jab",
      "pool": "neutral",
      "kind": "strike",
      "cost": 0,
      "rarity": "common",
      "text": "Deal 3.",
      "effects": [{ "type": "deal_damage", "amount": 3 }]
    },
    {
      "id": "filler_deflect",
      "name": "Deflect",
      "pool": "neutral",
      "kind": "tactic",
      "cost": 0,
      "rarity": "common",
      "text": "Gain 3 Block.",
      "effects": [{ "type": "gain_block", "amount": 3 }]
    },
    {
      "id": "filler_cantrip",
      "name": "Cantrip",
      "pool": "neutral",
      "kind": "tactic",
      "cost": 0,
      "rarity": "common",
      "text": "Draw 1.",
      "effects": [{ "type": "draw_cards", "amount": 1 }]
    },
    {
      "id": "filler_feint",
      "name": "Feint",
      "pool": "neutral",
      "kind": "tactic",
      "cost": 0,
      "rarity": "common",
      "text": "Apply 1 Sap.",
      "effects": [{ "type": "apply_status", "status": "sap", "amount": 1 }]
    },
    {
      "id": "filler_expose",
      "name": "Expose",
      "pool": "neutral",
      "kind": "tactic",
      "cost": 0,
      "rarity": "common",
      "text": "Apply 1 Fragile.",
      "effects": [{ "type": "apply_status", "status": "fragile", "amount": 1 }]
    }
  ],
  "elemental": [
    {
      "id": "e_flame_lash",
      "name": "Flame Lash",
      "pool": "elemental",
      "kind": "strike",
      "cost": 1,
      "rarity": "common",
      "text": "Deal 6. Apply 2 Burn.",
      "effects": [
        { "type": "deal_damage", "amount": 6 },
        { "type": "apply_status", "status": "burn", "amount": 2 }
      ]
    },
    {
      "id": "e_ember_shot",
      "name": "Ember Shot",
      "pool": "elemental",
      "kind": "strike",
      "cost": 1,
      "rarity": "common",
      "text": "Deal 5. If the target has Burn, draw 1.",
      "effects": [
        { "type": "deal_damage", "amount": 5 },
        {
          "type": "if_target_has_status",
          "status": "burn",
          "min": 1,
          "then": [{ "type": "draw_cards", "amount": 1 }]
        }
      ]
    },
    {
      "id": "e_sunbeam",
      "name": "Sunbeam",
      "pool": "elemental",
      "kind": "strike",
      "cost": 2,
      "rarity": "common",
      "text": "Deal 11. Apply 1 Burn.",
      "effects": [
        { "type": "deal_damage", "amount": 11 },
        { "type": "apply_status", "status": "burn", "amount": 1 }
      ]
    },
    {
      "id": "e_spark_jab",
      "name": "Spark Jab",
      "pool": "elemental",
      "kind": "strike",
      "cost": 1,
      "rarity": "common",
      "text": "Deal 3 twice. If the target has Shock, apply 1 additional Shock.",
      "effects": [
        { "type": "repeat", "times": 2, "effects": [{ "type": "deal_damage", "amount": 3 }] },
        { "type": "apply_status", "status": "shock", "amount": 1 },
        {
          "type": "if_target_has_status",
          "status": "shock",
          "min": 1,
          "then": [{ "type": "apply_status", "status": "shock", "amount": 1 }]
        }
      ]
    },
    {
      "id": "e_arc_bolt",
      "name": "Arc Bolt",
      "pool": "elemental",
      "kind": "strike",
      "cost": 2,
      "rarity": "uncommon",
      "text": "Deal 10. If the target has Shock, deal +3.",
      "effects": [
        { "type": "deal_damage", "amount": 10 },
        {
          "type": "if_target_has_status",
          "status": "shock",
          "min": 1,
          "then": [{ "type": "deal_damage", "amount": 3 }]
        }
      ]
    },
    {
      "id": "e_ice_shard",
      "name": "Ice Shard",
      "pool": "elemental",
      "kind": "strike",
      "cost": 1,
      "rarity": "common",
      "text": "Deal 5. Apply 2 Chill.",
      "effects": [
        { "type": "deal_damage", "amount": 5 },
        { "type": "apply_status", "status": "chill", "amount": 2 }
      ]
    },
    {
      "id": "e_glacial_edge",
      "name": "Glacial Edge",
      "pool": "elemental",
      "kind": "strike",
      "cost": 1,
      "rarity": "common",
      "text": "Deal 4. Apply 1 Chill. Draw 1.",
      "effects": [
        { "type": "deal_damage", "amount": 4 },
        { "type": "apply_status", "status": "chill", "amount": 1 },
        { "type": "draw_cards", "amount": 1 }
      ]
    },
    {
      "id": "e_storm_fang",
      "name": "Storm Fang",
      "pool": "elemental",
      "kind": "strike",
      "cost": 1,
      "rarity": "common",
      "text": "Deal 6. If the target has Chill, apply 1 Shock.",
      "effects": [
        { "type": "deal_damage", "amount": 6 },
        {
          "type": "if_target_has_status",
          "status": "chill",
          "min": 1,
          "then": [{ "type": "apply_status", "status": "shock", "amount": 1 }]
        }
      ]
    },
    {
      "id": "e_lava_burst",
      "name": "Lava Burst",
      "pool": "elemental",
      "kind": "strike",
      "cost": 2,
      "rarity": "uncommon",
      "text": "Deal 9. Apply 3 Burn. If the target has Chill, deal +2.",
      "effects": [
        { "type": "deal_damage", "amount": 9 },
        { "type": "apply_status", "status": "burn", "amount": 3 },
        {
          "type": "if_target_has_status",
          "status": "chill",
          "min": 1,
          "then": [{ "type": "deal_damage", "amount": 2 }]
        }
      ]
    },
    {
      "id": "e_thunder_clap",
      "name": "Thunder Clap",
      "pool": "elemental",
      "kind": "strike",
      "cost": 3,
      "rarity": "uncommon",
      "text": "Deal 8 to ALL enemies. Apply 1 Shock to ALL enemies.",
      "effects": [
        { "type": "deal_damage_all_enemies", "amount": 8 },
        { "type": "apply_status_all_enemies", "status": "shock", "amount": 1 }
      ]
    },
    {
      "id": "e_volt_barrage",
      "name": "Volt Barrage",
      "pool": "elemental",
      "kind": "strike",
      "cost": 3,
      "rarity": "rare",
      "text": "Deal 4 damage 4 times. Randomly distribute hits. If the hit target has Shock, deal +1.",
      "effects": [
        {
          "type": "repeat",
          "times": 4,
          "effects": [
            { "type": "deal_damage_random_enemy", "amount": 4 },
            {
              "type": "if_last_target_has_status",
              "status": "shock",
              "min": 1,
              "then": [{ "type": "deal_damage_last_target", "amount": 1 }]
            }
          ]
        }
      ]
    },
    {
      "id": "e_wind_cleave",
      "name": "Wind Cleave",
      "pool": "elemental",
      "kind": "strike",
      "cost": 2,
      "rarity": "uncommon",
      "text": "Deal 7 to ALL enemies. If any enemy has Chill, draw 1.",
      "effects": [
        { "type": "deal_damage_all_enemies", "amount": 7 },
        {
          "type": "if_any_enemy_has_status",
          "status": "chill",
          "min": 1,
          "then": [{ "type": "draw_cards", "amount": 1 }]
        }
      ]
    },
    {
      "id": "e_gale_slash",
      "name": "Gale Slash",
      "pool": "elemental",
      "kind": "strike",
      "cost": 2,
      "rarity": "common",
      "text": "Deal 10. If any enemy has Chill, gain 1 Block.",
      "effects": [
        { "type": "deal_damage", "amount": 10 },
        {
          "type": "if_any_enemy_has_status",
          "status": "chill",
          "min": 1,
          "then": [{ "type": "gain_block", "amount": 1 }]
        }
      ]
    },
    {
      "id": "e_static_shield",
      "name": "Static Shield",
      "pool": "elemental",
      "kind": "tactic",
      "cost": 1,
      "rarity": "common",
      "text": "Gain 7 Block. When you are hit this turn, apply 1 Shock to the attacker.",
      "effects": [
        { "type": "gain_block", "amount": 7 },
        {
          "type": "set_trap",
          "trigger": "on_player_hit_this_turn",
          "effects": [{ "type": "apply_status_to_attacker", "status": "shock", "amount": 1 }]
        }
      ]
    },
    {
      "id": "e_frost_wall",
      "name": "Frost Wall",
      "pool": "elemental",
      "kind": "tactic",
      "cost": 2,
      "rarity": "uncommon",
      "text": "Gain 12 Block. Apply 1 Chill to a random enemy.",
      "effects": [
        { "type": "gain_block", "amount": 12 },
        { "type": "apply_status_random_enemy", "status": "chill", "amount": 1 }
      ]
    },
    {
      "id": "e_flame_guard",
      "name": "Flame Guard",
      "pool": "elemental",
      "kind": "tactic",
      "cost": 2,
      "rarity": "uncommon",
      "text": "Gain 10 Block. When you are hit this turn, apply 2 Burn to the attacker.",
      "effects": [
        { "type": "gain_block", "amount": 10 },
        {
          "type": "set_trap",
          "trigger": "on_player_hit_this_turn",
          "effects": [{ "type": "apply_status_to_attacker", "status": "burn", "amount": 2 }]
        }
      ]
    },
    {
      "id": "e_gust_barrier",
      "name": "Gust Barrier",
      "pool": "elemental",
      "kind": "tactic",
      "cost": 1,
      "rarity": "common",
      "text": "Gain 6 Block. If you have Chill, draw 1.",
      "effects": [
        { "type": "gain_block", "amount": 6 },
        {
          "type": "if_player_has_status",
          "status": "chill",
          "min": 1,
          "then": [{ "type": "draw_cards", "amount": 1 }]
        }
      ]
    },
    {
      "id": "e_thunder_ward",
      "name": "Thunder Ward",
      "pool": "elemental",
      "kind": "tactic",
      "cost": 1,
      "rarity": "common",
      "text": "Gain 6 Block. Your next Strike this turn deals +3.",
      "effects": [
        { "type": "gain_block", "amount": 6 },
        { "type": "buff_next", "what": "next_strike_bonus_damage", "amount": 3, "duration": "this_turn" }
      ]
    },
    {
      "id": "e_zephyr_veil",
      "name": "Zephyr Veil",
      "pool": "elemental",
      "kind": "tactic",
      "cost": 1,
      "rarity": "common",
      "text": "Gain Dodge. Draw 1.",
      "effects": [
        { "type": "gain_dodge", "uses": 1 },
        { "type": "draw_cards", "amount": 1 }
      ]
    },
    {
      "id": "e_avalanche",
      "name": "Avalanche",
      "pool": "elemental",
      "kind": "tactic",
      "cost": 2,
      "rarity": "uncommon",
      "text": "Apply 2 Chill to ALL enemies. Gain 5 Block.",
      "effects": [
        { "type": "apply_status_all_enemies", "status": "chill", "amount": 2 },
        { "type": "gain_block", "amount": 5 }
      ]
    },
    {
      "id": "e_magma_mantle",
      "name": "Magma Mantle",
      "pool": "elemental",
      "kind": "tactic",
      "cost": 2,
      "rarity": "uncommon",
      "text": "Gain 12 Block. Apply 1 Burn to ALL enemies.",
      "effects": [
        { "type": "gain_block", "amount": 12 },
        { "type": "apply_status_all_enemies", "status": "burn", "amount": 1 }
      ]
    },
    {
      "id": "e_scorching_aura",
      "name": "Scorching Aura",
      "pool": "elemental",
      "kind": "tactic",
      "cost": 1,
      "rarity": "uncommon",
      "text": "This combat: End of turn, apply 1 Burn to a random enemy.",
      "effects": [{ "type": "set_aura", "aura": "eot_apply_burn_1_random_enemy", "duration": "this_combat" }]
    },
    {
      "id": "e_frost_step",
      "name": "Frost Step",
      "pool": "elemental",
      "kind": "tactic",
      "cost": 0,
      "rarity": "uncommon",
      "text": "Gain Dodge. Apply 1 Chill to a random enemy. Exhaust.",
      "effects": [
        { "type": "gain_dodge", "uses": 1 },
        { "type": "apply_status_random_enemy", "status": "chill", "amount": 1 },
        { "type": "exhaust_self" }
      ]
    },
    {
      "id": "e_storm_sentinel",
      "name": "Storm Sentinel",
      "pool": "elemental",
      "kind": "tactic",
      "cost": 2,
      "rarity": "uncommon",
      "text": "Summon a Wisp (end of turn: deal 2 to a random enemy; if they have Shock, deal +1). Gain 3 Block.",
      "effects": [
        { "type": "summon_token", "token": "storm_wisp_ping_2_bonus_if_shock_1" },
        { "type": "gain_block", "amount": 3 }
      ]
    },
    {
      "id": "e_elemental_ward",
      "name": "Elemental Ward",
      "pool": "elemental",
      "kind": "tactic",
      "cost": 2,
      "rarity": "uncommon",
      "text": "Gain 10 Block if you played a Ritual this turn, otherwise gain 6.",
      "effects": [
        {
          "type": "if_played_kind_this_turn",
          "kind": "ritual",
          "min": 1,
          "then": [{ "type": "gain_block", "amount": 10 }],
          "else": [{ "type": "gain_block", "amount": 6 }]
        }
      ]
    },
    {
      "id": "e_electro_glyph",
      "name": "Electro Glyph",
      "pool": "elemental",
      "kind": "tactic",
      "cost": 2,
      "rarity": "rare",
      "text": "This turn, your next 2 Strikes also apply +1 Shock.",
      "effects": [
        { "type": "buff_next", "what": "next_strikes_apply_shock", "amount": 1, "charges": 2, "duration": "this_turn" }
      ]
    },
    {
      "id": "e_elemental_ritual",
      "name": "Elemental Ritual",
      "pool": "elemental",
      "kind": "ritual",
      "cost": 1,
      "rarity": "rare",
      "text": "Once per combat: When you play your first Ritual, gain +1 Energy next turn.",
      "effects": [{ "type": "set_ritual", "ritual": "first_ritual_each_combat_energy_next_turn_1" }]
    },
    {
      "id": "e_burning_ritual",
      "name": "Burning Ritual",
      "pool": "elemental",
      "kind": "ritual",
      "cost": 2,
      "rarity": "rare",
      "text": "End of turn: apply 1 Burn to ALL enemies.",
      "effects": [{ "type": "set_ritual", "ritual": "eot_apply_burn_1_all_enemies" }]
    },
    {
      "id": "e_glacial_surge",
      "name": "Glacial Surge",
      "pool": "elemental",
      "kind": "ritual",
      "cost": 2,
      "rarity": "rare",
      "text": "Start of turn: apply 1 Chill to ALL enemies.",
      "effects": [{ "type": "set_ritual", "ritual": "sot_apply_chill_1_all_enemies" }]
    },
    {
      "id": "e_lava_flow",
      "name": "Lava Flow",
      "pool": "elemental",
      "kind": "ritual",
      "cost": 3,
      "rarity": "rare",
      "text": "Once per turn: When you play a Strike, apply 1 Burn to the target.",
      "effects": [{ "type": "set_ritual", "ritual": "once_per_turn_on_play_strike_apply_burn_1_to_target" }]
    },
    {
      "id": "e_zephyr_shield",
      "name": "Zephyr Shield",
      "pool": "elemental",
      "kind": "ritual",
      "cost": 2,
      "rarity": "rare",
      "text": "Start of combat: gain 7 Block and Dodge.",
      "effects": [{ "type": "set_ritual", "ritual": "soc_gain_block_7_and_dodge_1" }]
    },
    {
      "id": "e_storm_ritual",
      "name": "Storm Ritual",
      "pool": "elemental",
      "kind": "ritual",
      "cost": 2,
      "rarity": "rare",
      "text": "This turn, your Strikes deal +2 damage.",
      "effects": [{ "type": "set_ritual", "ritual": "strikes_bonus_damage_2_this_turn" }]
    },
    {
      "id": "e_chain_lightning",
      "name": "Chain Lightning",
      "pool": "elemental",
      "kind": "ritual",
      "cost": 4,
      "rarity": "rare",
      "text": "Deal 6 damage to 2 random enemies. Apply 1 Shock to each hit.",
      "effects": [
        {
          "type": "repeat",
          "times": 2,
          "effects": [
            { "type": "deal_damage_random_enemy", "amount": 6 },
            { "type": "apply_status_last_target", "status": "shock", "amount": 1 }
          ]
        }
      ]
    },
    {
      "id": "e_ember_bond",
      "name": "Ember Bond",
      "pool": "elemental",
      "kind": "ritual",
      "cost": 2,
      "rarity": "rare",
      "text": "Whenever you play a Ritual, draw 1. (Max 1 per turn.)",
      "effects": [{ "type": "set_ritual", "ritual": "on_play_ritual_draw_1_max_1_per_turn" }]
    },
    {
      "id": "e_frozen_path",
      "name": "Frozen Path",
      "pool": "elemental",
      "kind": "ritual",
      "cost": 4,
      "rarity": "rare",
      "text": "Next turn, your Tactics cost 0 (up to 2 cards).",
      "effects": [{ "type": "set_ritual", "ritual": "next_turn_tactics_cost_0_up_to_2" }]
    },
    {
      "id": "e_storms_embrace",
      "name": "Storm’s Embrace",
      "pool": "elemental",
      "kind": "ritual",
      "cost": 3,
      "rarity": "rare",
      "text": "After combat: start next combat with +1 Energy.",
      "effects": [{ "type": "set_ritual", "ritual": "post_combat_start_next_combat_energy_1" }]
    },
    {
      "id": "e_eternal_elemental",
      "name": "Eternal Elemental",
      "pool": "elemental",
      "kind": "ritual",
      "cost": 5,
      "rarity": "rare",
      "text": "After combat: add a random Elemental card to your deck, then remove a random filler card (if any).",
      "effects": [{ "type": "set_ritual", "ritual": "post_combat_add_elemental_remove_random_filler" }]
    },
    {
      "id": "e_rune_of_elements",
      "name": "Rune of Elements",
      "pool": "elemental",
      "kind": "ritual",
      "cost": 3,
      "rarity": "rare",
      "text": "Once per turn: When you play a Strike or Tactic, apply 1 random elemental status (Burn/Chill/Shock) to a random enemy.",
      "effects": [
        { "type": "set_ritual", "ritual": "once_per_turn_on_play_strike_or_tactic_apply_random_element_status_1_random_enemy" }
      ]
    },
    {
      "id": "e_rain_dance",
      "name": "Rain Dance",
      "pool": "elemental",
      "kind": "tactic",
      "cost": 1,
      "rarity": "common",
      "text": "Heal 4. Apply 1 Chill to ALL enemies.",
      "effects": [
        { "type": "heal", "amount": 4 },
        { "type": "apply_status_all_enemies", "status": "chill", "amount": 1 }
      ]
    },
    {
      "id": "e_static_overload",
      "name": "Static Overload",
      "pool": "elemental",
      "kind": "strike",
      "cost": 2,
      "rarity": "uncommon",
      "text": "Deal 9. If the target has Shock, apply 2 Burn.",
      "effects": [
        { "type": "deal_damage", "amount": 9 },
        {
          "type": "if_target_has_status",
          "status": "shock",
          "min": 1,
          "then": [{ "type": "apply_status", "status": "burn", "amount": 2 }]
        }
      ]
    },
    {
      "id": "e_frozen_blast",
      "name": "Frozen Blast",
      "pool": "elemental",
      "kind": "strike",
      "cost": 3,
      "rarity": "uncommon",
      "text": "Deal 12. Apply 2 Chill. If the target is already Chilled, apply 1 Shock.",
      "effects": [
        { "type": "deal_damage", "amount": 12 },
        { "type": "apply_status", "status": "chill", "amount": 2 },
        {
          "type": "if_target_has_status",
          "status": "chill",
          "min": 1,
          "then": [{ "type": "apply_status", "status": "shock", "amount": 1 }]
        }
      ]
    },
    {
      "id": "e_ember_guard",
      "name": "Ember Guard",
      "pool": "elemental",
      "kind": "tactic",
      "cost": 1,
      "rarity": "common",
      "text": "Gain 5 Block. Apply 1 Burn to the attacker when hit this turn.",
      "effects": [
        { "type": "gain_block", "amount": 5 },
        {
          "type": "set_trap",
          "trigger": "on_player_hit_this_turn",
          "effects": [{ "type": "apply_status_to_attacker", "status": "burn", "amount": 1 }]
        }
      ]
    },
    {
      "id": "e_cyclone_step",
      "name": "Cyclone Step",
      "pool": "elemental",
      "kind": "tactic",
      "cost": 0,
      "rarity": "uncommon",
      "text": "Gain Dodge. If any enemy has Shock, draw 1. Exhaust.",
      "effects": [
        { "type": "gain_dodge", "uses": 1 },
        {
          "type": "if_any_enemy_has_status",
          "status": "shock",
          "min": 1,
          "then": [{ "type": "draw_cards", "amount": 1 }]
        },
        { "type": "exhaust_self" }
      ]
    },
    {
      "id": "e_thermal_shift",
      "name": "Thermal Shift",
      "pool": "elemental",
      "kind": "tactic",
      "cost": 2,
      "rarity": "rare",
      "text": "Convert all Chill on enemies into Burn (1:1).",
      "effects": [
        {
          "type": "convert_status_all_enemies",
          "from": "chill",
          "to": "burn",
          "ratio": 1
        }
      ]
    },
    {
      "id": "e_eye_of_the_storm",
      "name": "Eye of the Storm",
      "pool": "elemental",
      "kind": "ritual",
      "cost": 3,
      "rarity": "rare",
      "text": "Once per turn: When an enemy gains Shock, deal 2 damage to ALL enemies.",
      "effects": [
        {
          "type": "set_ritual",
          "ritual": "once_per_turn_on_enemy_gain_shock_deal_2_all"
        }
      ]
    },
    {
      "id": "e_permafrost",
      "name": "Permafrost",
      "pool": "elemental",
      "kind": "ritual",
      "cost": 2,
      "rarity": "rare",
      "text": "Enemies with Chill deal 1 less damage.",
      "effects": [
        {
          "type": "set_ritual",
          "ritual": "enemies_with_chill_deal_minus_1_damage"
        }
      ]
    },
    {
      "id": "e_eruption_cycle",
      "name": "Eruption Cycle",
      "pool": "elemental",
      "kind": "ritual",
      "cost": 4,
      "rarity": "rare",
      "text": "End of turn: if you applied Burn this turn, apply 1 Shock to a random enemy.",
      "effects": [
        {
          "type": "set_ritual",
          "ritual": "eot_if_burn_applied_apply_shock_1_random_enemy"
        }
      ]
    }
  ],
  "growth": [
    {
      "id": "g_thorn_lash",
      "name": "Thorn Lash",
      "pool": "growth",
      "kind": "strike",
      "cost": 1,
      "rarity": "common",
      "text": "Deal 6. If the target has Seed Mark, deal +3.",
      "effects": [
        { "type": "deal_damage", "amount": 6 },
        { "type": "if_target_has_status", "status": "seed_mark", "min": 1, "then": [{ "type": "deal_damage", "amount": 3 }] }
      ]
    },
    {
      "id": "g_blossom_strike",
      "name": "Blossom Strike",
      "pool": "growth",
      "kind": "strike",
      "cost": 1,
      "rarity": "common",
      "text": "Deal 5. Gain 1 Seed.",
      "effects": [
        { "type": "deal_damage", "amount": 5 },
        { "type": "gain_seed", "amount": 1 }
      ]
    },
    {
      "id": "g_vine_whip",
      "name": "Vine Whip",
      "pool": "growth",
      "kind": "strike",
      "cost": 1,
      "rarity": "common",
      "text": "Deal 4 twice.",
      "effects": [
        { "type": "repeat", "times": 2, "effects": [{ "type": "deal_damage", "amount": 4 }] }
      ]
    },
    {
      "id": "g_bud_burst",
      "name": "Bud Burst",
      "pool": "growth",
      "kind": "strike",
      "cost": 2,
      "rarity": "common",
      "text": "Deal 12.",
      "effects": [{ "type": "deal_damage", "amount": 12 }]
    },
    {
      "id": "g_petal_spray",
      "name": "Petal Spray",
      "pool": "growth",
      "kind": "strike",
      "cost": 1,
      "rarity": "common",
      "text": "Deal 4 to ALL enemies.",
      "effects": [{ "type": "deal_damage_all_enemies", "amount": 4 }]
    },
    {
      "id": "g_root_smash",
      "name": "Root Smash",
      "pool": "growth",
      "kind": "strike",
      "cost": 2,
      "rarity": "common",
      "text": "Deal 10. Apply 2 Sap.",
      "effects": [
        { "type": "deal_damage", "amount": 10 },
        { "type": "apply_status", "status": "sap", "amount": 2 }
      ]
    },
    {
      "id": "g_sap_shot",
      "name": "Sap Shot",
      "pool": "growth",
      "kind": "strike",
      "cost": 1,
      "rarity": "common",
      "text": "Deal 4. Heal 3.",
      "effects": [
        { "type": "deal_damage", "amount": 4 },
        { "type": "heal", "amount": 3 }
      ]
    },
    {
      "id": "g_thorned_blade",
      "name": "Thorned Blade",
      "pool": "growth",
      "kind": "strike",
      "cost": 1,
      "rarity": "common",
      "text": "Deal 6. If this is your second Strike this turn, gain 1 Seed.",
      "effects": [
        { "type": "deal_damage", "amount": 6 },
        { "type": "if_strikes_played_this_turn_at_least", "min": 2, "then": [{ "type": "gain_seed", "amount": 1 }] }
      ]
    },
    {
      "id": "g_gilded_bud",
      "name": "Gilded Bud",
      "pool": "growth",
      "kind": "strike",
      "cost": 2,
      "rarity": "uncommon",
      "text": "Deal 11. Gain 1 Growth Rune.",
      "effects": [
        { "type": "deal_damage", "amount": 11 },
        { "type": "gain_rune", "rune": "growth", "amount": 1 }
      ]
    },
    {
      "id": "g_blooming_edge",
      "name": "Blooming Edge",
      "pool": "growth",
      "kind": "strike",
      "cost": 2,
      "rarity": "common",
      "text": "Deal 10. Apply 1 Fragile.",
      "effects": [
        { "type": "deal_damage", "amount": 10 },
        { "type": "apply_status", "status": "fragile", "amount": 1 }
      ]
    },
    {
      "id": "g_petal_pierce",
      "name": "Petal Pierce",
      "pool": "growth",
      "kind": "strike",
      "cost": 1,
      "rarity": "common",
      "text": "Deal 6. If the target has Poison, gain 1 Seed.",
      "effects": [
        { "type": "deal_damage", "amount": 6 },
        { "type": "if_target_has_status", "status": "poison", "min": 1, "then": [{ "type": "gain_seed", "amount": 1 }] }
      ]
    },
    {
      "id": "g_seeded_slash",
      "name": "Seeded Slash",
      "pool": "growth",
      "kind": "strike",
      "cost": 1,
      "rarity": "common",
      "text": "Deal 5. Apply 1 Seed Mark.",
      "effects": [
        { "type": "deal_damage", "amount": 5 },
        { "type": "apply_status", "status": "seed_mark", "amount": 1 }
      ]
    },
    {
      "id": "g_thorn_barrage",
      "name": "Thorn Barrage",
      "pool": "growth",
      "kind": "strike",
      "cost": 3,
      "rarity": "uncommon",
      "text": "Deal 5 damage 3 times.",
      "effects": [
        { "type": "repeat", "times": 3, "effects": [{ "type": "deal_damage", "amount": 5 }] }
      ]
    },
    {
      "id": "g_sappy_lunge",
      "name": "Sappy Lunge",
      "pool": "growth",
      "kind": "strike",
      "cost": 1,
      "rarity": "common",
      "text": "Deal 6. If you have 0 Seeds, gain 2 Seeds.",
      "effects": [
        { "type": "deal_damage", "amount": 6 },
        { "type": "if_player_seed_at_most", "max": 0, "then": [{ "type": "gain_seed", "amount": 2 }] }
      ]
    },
    {
      "id": "g_vine_cleaver",
      "name": "Vine Cleaver",
      "pool": "growth",
      "kind": "strike",
      "cost": 2,
      "rarity": "uncommon",
      "text": "Deal 8 to ALL enemies.",
      "effects": [{ "type": "deal_damage_all_enemies", "amount": 8 }]
    },
    {
      "id": "g_seed_shield",
      "name": "Seed Shield",
      "pool": "growth",
      "kind": "tactic",
      "cost": 1,
      "rarity": "common",
      "text": "Gain 7 Block. Gain 1 Seed.",
      "effects": [
        { "type": "gain_block", "amount": 7 },
        { "type": "gain_seed", "amount": 1 }
      ]
    },
    {
      "id": "g_vine_trap",
      "name": "Vine Trap",
      "pool": "growth",
      "kind": "tactic",
      "cost": 1,
      "rarity": "common",
      "text": "Trap: First enemy that attacks next turn takes 10 damage.",
      "effects": [
        { "type": "set_trap", "trigger": "on_enemy_attack_next_turn_first", "effects": [{ "type": "deal_damage_to_attacker", "amount": 10 }] }
      ]
    },
    {
      "id": "g_sprout_heal",
      "name": "Sprout Heal",
      "pool": "growth",
      "kind": "tactic",
      "cost": 1,
      "rarity": "common",
      "text": "Heal 4. Draw 1.",
      "effects": [
        { "type": "heal", "amount": 4 },
        { "type": "draw_cards", "amount": 1 }
      ]
    },
    {
      "id": "g_fertile_soil",
      "name": "Fertile Soil",
      "pool": "growth",
      "kind": "tactic",
      "cost": 1,
      "rarity": "uncommon",
      "text": "Your next Strike this turn deals +4 damage.",
      "effects": [
        { "type": "buff_next", "what": "next_strike_bonus_damage", "amount": 4, "duration": "this_turn" }
      ]
    },
    {
      "id": "g_rooting_pulse",
      "name": "Rooting Pulse",
      "pool": "growth",
      "kind": "tactic",
      "cost": 1,
      "rarity": "uncommon",
      "text": "Apply 1 Fragile to ALL enemies.",
      "effects": [
        { "type": "apply_status_all_enemies", "status": "fragile", "amount": 1 }
      ]
    },
    {
      "id": "g_seedlings",
      "name": "Seedlings",
      "pool": "growth",
      "kind": "tactic",
      "cost": 1,
      "rarity": "common",
      "text": "Gain 2 Seeds.",
      "effects": [{ "type": "gain_seed", "amount": 2 }]
    },
    {
      "id": "g_thorn_wall",
      "name": "Thorn Wall",
      "pool": "growth",
      "kind": "tactic",
      "cost": 2,
      "rarity": "uncommon",
      "text": "Gain 12 Block. When hit this turn, deal 3 back.",
      "effects": [
        { "type": "gain_block", "amount": 12 },
        { "type": "set_trap", "trigger": "on_player_hit_this_turn", "effects": [{ "type": "deal_damage_to_attacker", "amount": 3 }] }
      ]
    },
    {
      "id": "g_petal_step",
      "name": "Petal Step",
      "pool": "growth",
      "kind": "tactic",
      "cost": 1,
      "rarity": "common",
      "text": "Gain Dodge.",
      "effects": [{ "type": "gain_dodge", "uses": 1 }]
    },
    {
      "id": "g_growth_ritual",
      "name": "Growth Ritual",
      "pool": "growth",
      "kind": "ritual",
      "cost": 1,
      "rarity": "rare",
      "text": "Once per combat: When you play your first Ritual, gain +1 Energy next turn.",
      "effects": [{ "type": "set_ritual", "ritual": "first_ritual_each_combat_energy_next_turn_1" }]
    },
    {
      "id": "g_garden_bloom",
      "name": "Garden Bloom",
      "pool": "growth",
      "kind": "ritual",
      "cost": 2,
      "rarity": "rare",
      "text": "End of turn: gain 1 Seed.",
      "effects": [{ "type": "set_ritual", "ritual": "eot_gain_seed_1" }]
    },
    {
      "id": "g_growth_aura",
      "name": "Growth Aura",
      "pool": "growth",
      "kind": "ritual",
      "cost": 2,
      "rarity": "rare",
      "text": "Your Strikes deal +2 damage.",
      "effects": [{ "type": "set_ritual", "ritual": "strikes_bonus_damage_2" }]
    },
    {
      "id": "g_seed_surge",
      "name": "Seed Surge",
      "pool": "growth",
      "kind": "ritual",
      "cost": 3,
      "rarity": "rare",
      "text": "Start of turn: if you have 3+ Seeds, gain +1 Energy.",
      "effects": [{ "type": "set_ritual", "ritual": "sot_if_seeds_ge_3_gain_energy_1" }]
    },
    {
      "id": "g_fungal_fortress",
      "name": "Fungal Fortress",
      "pool": "growth",
      "kind": "ritual",
      "cost": 3,
      "rarity": "rare",
      "text": "End of turn: gain 3 Block.",
      "effects": [{ "type": "set_ritual", "ritual": "eot_gain_block_3" }]
    },
    {
      "id": "g_rooted_resolve",
      "name": "Rooted Resolve",
      "pool": "growth",
      "kind": "ritual",
      "cost": 2,
      "rarity": "rare",
      "text": "Start of combat: gain 6 Block and 1 Seed.",
      "effects": [{ "type": "set_ritual", "ritual": "soc_gain_block_6_and_seed_1" }]
    },
    {
      "id": "g_overgrowth",
      "name": "Overgrowth",
      "pool": "growth",
      "kind": "ritual",
      "cost": 4,
      "rarity": "rare",
      "text": "Your Strikes deal +1 damage this combat.",
      "effects": [{ "type": "set_ritual", "ritual": "strikes_bonus_damage_1_this_combat" }]
    },
    {
      "id": "g_eternal_blossom",
      "name": "Eternal Blossom",
      "pool": "growth",
      "kind": "ritual",
      "cost": 5,
      "rarity": "rare",
      "text": "After combat: upgrade 1 random card you played.",
      "effects": [{ "type": "set_ritual", "ritual": "post_combat_upgrade_random_played_1" }]
    }
  ],
  "decay": [
    {
      "id": "d_corruption_ritual",
      "name": "Corruption Ritual",
      "pool": "decay",
      "kind": "ritual",
      "cost": 1,
      "rarity": "rare",
      "text": "Once per combat: When you play your first Ritual, gain +1 Energy next turn.",
      "effects": [{ "type": "set_ritual", "ritual": "first_ritual_each_combat_energy_next_turn_1" }]
    },
    {
      "id": "d_rotting_ritual",
      "name": "Rotting Ritual",
      "pool": "decay",
      "kind": "ritual",
      "cost": 2,
      "rarity": "rare",
      "text": "End of turn: apply 1 Poison to ALL enemies.",
      "effects": [{ "type": "set_ritual", "ritual": "eot_apply_poison_1_all_enemies" }]
    },
    {
      "id": "d_malignant_flow",
      "name": "Malignant Flow",
      "pool": "decay",
      "kind": "ritual",
      "cost": 3,
      "rarity": "rare",
      "text": "Once per turn: When you hit a Poisoned enemy with a Strike, gain 1 Block and draw 1.",
      "effects": [{ "type": "set_ritual", "ritual": "once_per_turn_on_strike_poisoned_gain_block_1_draw_1" }]
    },
    {
      "id": "d_necrotic_infusion",
      "name": "Necrotic Infusion",
      "pool": "decay",
      "kind": "ritual",
      "cost": 2,
      "rarity": "rare",
      "text": "End of turn: gain 1 Decay Rune and apply 1 Poison to yourself.",
      "effects": [{ "type": "set_ritual", "ritual": "eot_gain_decay_rune_1_and_self_poison_1" }]
    },
    {
      "id": "d_decay_communion",
      "name": "Decay Communion",
      "pool": "decay",
      "kind": "ritual",
      "cost": 3,
      "rarity": "rare",
      "text": "Once per turn: When you apply Poison, draw 1.",
      "effects": [{ "type": "set_ritual", "ritual": "once_per_turn_on_apply_poison_draw_1" }]
    },
    {
      "id": "d_decay_surge",
      "name": "Decay Surge",
      "pool": "decay",
      "kind": "ritual",
      "cost": 3,
      "rarity": "rare",
      "text": "Start of turn: if any enemy is Poisoned, gain +1 Energy.",
      "effects": [{ "type": "set_ritual", "ritual": "sot_if_any_enemy_poisoned_gain_energy_1" }]
    },
    {
      "id": "d_festering_roots",
      "name": "Festering Roots",
      "pool": "decay",
      "kind": "ritual",
      "cost": 2,
      "rarity": "rare",
      "text": "The first time you gain Block each turn, apply 1 Poison to a random enemy.",
      "effects": [{ "type": "set_ritual", "ritual": "first_block_each_turn_apply_poison_1_random_enemy" }]
    },
    {
      "id": "d_blight_shield",
      "name": "Blight Shield",
      "pool": "decay",
      "kind": "ritual",
      "cost": 2,
      "rarity": "rare",
      "text": "Start of combat: gain 8 Block and apply 1 Poison to ALL enemies.",
      "effects": [{ "type": "set_ritual", "ritual": "soc_gain_block_8_and_apply_poison_1_all_enemies" }]
    },
    {
      "id": "d_poisonous_aura",
      "name": "Poisonous Aura",
      "pool": "decay",
      "kind": "ritual",
      "cost": 3,
      "rarity": "rare",
      "text": "Enemies start combat with 2 Poison.",
      "effects": [{ "type": "set_ritual", "ritual": "enemies_start_with_poison_2" }]
    },
    {
      "id": "d_deaths_embrace",
      "name": "Death’s Embrace",
      "pool": "decay",
      "kind": "ritual",
      "cost": 4,
      "rarity": "rare",
      "text": "Once per turn: When your Strike hits a Poisoned enemy, heal 3.",
      "effects": [{ "type": "set_ritual", "ritual": "once_per_turn_on_strike_poisoned_heal_3" }]
    },
    {
      "id": "d_pestilent_bond",
      "name": "Pestilent Bond",
      "pool": "decay",
      "kind": "ritual",
      "cost": 2,
      "rarity": "rare",
      "text": "Whenever you play a Ritual, draw 1. (Max 1 per turn.)",
      "effects": [{ "type": "set_ritual", "ritual": "on_play_ritual_draw_1_max_1_per_turn" }]
    },
    {
      "id": "d_eternal_decay",
      "name": "Eternal Decay",
      "pool": "decay",
      "kind": "ritual",
      "cost": 5,
      "rarity": "rare",
      "text": "After combat: add a random Decay card to your deck, then remove a random filler card (if any).",
      "effects": [{ "type": "set_ritual", "ritual": "post_combat_add_decay_remove_random_filler" }]
    }
  ]
}