{
  "Thorn King": [
    { "threshold_hp": 50,  "turn_interval": 2, "ability": "whip_vines" },
    { "threshold_hp": 0,   "turn_interval": 3, "ability": "sacrifice_bloom" }
  ],
  "Blight Colossus": [
    { "threshold_hp": 60,  "turn_interval": 3, "ability": "corrosive_smash" },
    { "threshold_hp": 0,   "turn_interval": 2, "ability": "plague_aura" }
  ],
  "Storm Wyrm": [
    { "threshold_hp": 70,  "turn_interval": 2, "ability": "fire_breath" },
    { "threshold_hp": 0,   "turn_interval": 3, "ability": "frost_storm" }
  ],
  "Verdant Overlord": [
    { "threshold_hp": 80,  "turn_interval": 3, "ability": "summon_vine_guards" },
    { "threshold_hp": 0,   "turn_interval": 2, "ability": "natures_reckoning" }
  ],
  "World Tree": [
    { "threshold_hp": 200, "turn_interval": 4, "ability": "root_blast" },
    { "threshold_hp": 100, "turn_interval": 3, "ability": "sap_storm" },
    { "threshold_hp": 0,   "turn_interval": 2, "ability": "worlds_end" }
  ]
}
